Search,Cost,Clicks,Impressions,Conversions
gemini enterprise,€34.06,21,226,0.00
on passive ecosystem,€0.00,0,11,0.00
buffer ai,€0.00,0,10,0.00
oes onpassive,€0.00,0,7,0.00
grow ai,€0.00,0,5,0.00
onpassive ecosystem,€0.00,0,5,0.00
community manager,€0.00,0,4,0.00
community platform,€0.00,0,4,0.00
nice ai,€0.00,0,4,0.00
oes onpassive con,€0.00,0,4,0.00
social media manager ai,€0.00,0,4,0.00
trickle com,€0.55,1,4,0.00
ai software,€0.00,0,3,0.00
ai tools for business communication,€1.16,1,3,0.00
community management,€0.00,0,3,0.00
online community platforms,€0.59,1,3,0.00
social media ai agent,€0.00,0,3,0.00
ai agent social media,€0.00,0,2,0.00
ai community platform,€0.00,0,2,0.00
ai website,€0.31,1,2,0.00
community app,€0.00,0,2,0.00
community based app,€0.00,0,2,0.00
community manager ia,€0.83,1,2,0.00
community websites,€0.30,1,2,0.00
discord alternatives,€0.00,0,2,0.00
gokollab,€0.00,0,2,0.00
google community manager,€0.00,0,2,0.00
jasper ai,€0.00,0,2,0.00
krater ai,€0.00,0,2,0.00
moltbook,€0.34,1,2,0.00
online community,€0.00,0,2,0.00
online community platform,€0.00,0,2,0.00
people ai,€2.02,1,2,0.00
plataforma de comunidades,€0.00,0,2,0.00
platform for community engagement,€0.00,0,2,0.00
social media platform for ai,€0.00,0,2,0.00
syllaby io,€0.00,0,2,0.00
telegram bot google apps script,€0.00,0,2,0.00
twitter followers free 1000,€0.45,1,2,0.00
twitter mass dm tool,€0.00,0,2,0.00
youtube automation,€0.00,0,2,0.00
a social network for ai agents,€0.00,0,1,0.00
a social network for al agents,€0.00,0,1,0.00
accenture ai tool,€0.00,0,1,0.00
action ai,€0.00,0,1,0.00
agency ai,€0.00,0,1,0.00
ai agency,€0.00,0,1,0.00
ai agent for social media,€0.00,0,1,0.00
ai agents moltbook,€0.00,0,1,0.00
ai communication,€1.97,1,1,0.00
ai front,€0.00,0,1,0.00
ai social media automation,€2.66,2,1,0.00
appforma,€0.00,0,1,0.00
best ai tools for social media management,€0.00,0,1,0.00
birdseye ai,€2.98,1,1,0.00
bot follow twitter,€0.00,0,1,0.00
communities platform,€0.00,0,1,0.00
community leads platform,€0.00,0,1,0.00
community management dashboard,€0.00,0,1,0.00
community management platform,€0.00,0,1,0.00
community platform open source,€6.55,1,1,0.00
community platforms,€0.00,0,1,0.00
convozen ai,€0.00,0,1,0.00
drippi ai,€0.00,0,1,0.00
engagement ai,€0.00,0,1,0.00
exmox,€0.00,0,1,0.00
facebook creator studio,€0.00,0,1,0.00
free community platforms,€0.00,0,1,0.00
free online community platforms,€0.00,0,1,0.00
front,€0.00,0,1,0.00
gemini business,€0.00,0,1,0.00
genspark com,€0.00,0,1,0.00
geta ai,€0.00,0,1,0.00
growth ai,€0.00,0,1,0.00
helo ai,€0.00,0,1,0.00
herramientas community manager,€0.00,0,1,0.00
hivebrite,€0.00,0,1,0.00
human ai collaboration,€0.00,0,1,0.00
ia de redes sociales,€0.00,0,1,0.00
joggle ai,€0.00,0,1,0.00
keyplay ai,€0.00,0,1,0.00
kortix,€0.00,0,1,0.00
linkedin community management api,€0.00,0,1,0.00
lulai,€0.00,0,1,0.00
messenger bot,€0.00,0,1,0.00
minora ai,€0.00,0,1,0.00
mobirise ai,€0.00,0,1,0.00
moltbook ai agent,€0.00,0,1,0.00
moltbook social media for ai,€0.00,0,1,0.00
n8n ai,€0.00,0,1,0.00
oes onpassive ecosystem,€0.45,1,1,0.00
omni ai,€0.00,0,1,0.00
online community manager,€0.00,0,1,0.00
perspective ai,€0.00,0,1,0.00
self hosted discord alternative,€0.00,0,1,0.00
sinch ai,€0.00,0,1,0.00
social media of ai agents,€0.00,0,1,0.00
social network ai agent,€0.00,0,1,0.00
social network for ai agents,€0.00,0,1,0.00
socialaize ai,€0.00,0,1,0.00
